date	shift	material_type	number	weight_kg	original_date
10/16/2024	day	liquid	0	0	16/10/2024
10/16/2024	night	liquid	0	0	16/10/2024
10/17/2024	day	liquid	1	840	17/10/2024
10/17/2024	day	liquid	2	860	17/10/2024
10/17/2024	night	liquid	3	790	17/10/2024
10/17/2024	night	liquid	4	920	17/10/2024
10/17/2024	night	liquid	5	970	17/10/2024
10/18/2024	day	liquid	6	880	18/10/2024
10/18/2024	day	liquid	7	850	18/10/2024
10/18/2024	day	liquid	8	890	18/10/2024
10/18/2024	night	liquid	9	850	18/10/2024
10/18/2024	night	liquid	10	900	18/10/2024
10/18/2024	night	liquid	11	930	18/10/2024
10/19/2024	day	liquid	12	890	19/10/2024
10/19/2024	day	liquid	13	880	19/10/2024
10/19/2024	night	liquid	14	950	19/10/2024
10/19/2024	night	liquid	15	960	19/10/2024
10/19/2024	night	liquid	16	850	19/10/2024
10/20/2024	day	liquid	17	900	20/10/2024
10/20/2024	day	liquid	18	790	20/10/2024
10/20/2024	night	liquid	19	980	20/10/2024
10/20/2024	night	liquid	20	870	20/10/2024
10/21/2024	day	liquid	21	900	21/10/2024
10/21/2024	day	liquid	22	850	21/10/2024
10/21/2024	night	liquid	23	870	21/10/2024
10/21/2024	night	liquid	24	820	21/10/2024
10/22/2024	day	liquid	25	890	22/10/2024
10/22/2024	night	liquid	26	940	22/10/2024
10/22/2024	night	liquid	27	970	22/10/2024
10/22/2024	night	liquid	28	940	22/10/2024
10/23/2024	day	liquid	29	890	23/10/2024
10/23/2024	day	liquid	30	870	23/10/2024
10/23/2024	night	liquid	31	840	23/10/2024
10/23/2024	night	liquid	32	850	23/10/2024
10/24/2024	day	liquid	33	790	24/10/2024
10/24/2024	day	liquid	34	900	24/10/2024
10/24/2024	night	liquid	35	820	24/10/2024
10/24/2024	night	liquid	36	810	24/10/2024
10/25/2024	day	liquid	37	920	25/10/2024
10/25/2024	day	liquid	38	920	25/10/2024
10/25/2024	day	liquid	39	810	25/10/2024
10/25/2024	night	liquid	40	920	25/10/2024
10/25/2024	night	liquid	41	910	25/10/2024
10/26/2024	day	liquid	42	870	26/10/2024
10/26/2024	day	liquid	43	1000	26/10/2024
10/26/2024	day	liquid	44	900	26/10/2024
10/26/2024	night	liquid	45	820	26/10/2024
10/26/2024	night	liquid	46	830	26/10/2024
10/27/2024	day	liquid	47	870	27/10/2024
10/27/2024	day	liquid	48	710	27/10/2024
10/27/2024	day	liquid	49	780	27/10/2024
10/27/2024	night	liquid	50	860	27/10/2024
10/27/2024	night	liquid	51	890	27/10/2024
10/28/2024	day	liquid	52	840	28/10/2024
10/28/2024	day	liquid	53	820	28/10/2024
10/28/2024	night	liquid	54	890	28/10/2024
10/28/2024	night	liquid	55	880	28/10/2024
10/29/2024	day	liquid	56	910	29/10/2024
10/29/2024	day	liquid	57	910	29/10/2024
10/29/2024	night	liquid	58	830	29/10/2024
10/30/2024	day	liquid	59	870	30/10/2024
10/30/2024	day	liquid	60	850	30/10/2024
10/30/2024	night	liquid	61	990	30/10/2024
10/30/2024	night	liquid	62	1050	30/10/2024
10/31/2024	day	liquid	63	920	31/10/2024
10/31/2024	night	liquid	64	960	31/10/2024
10/31/2024	night	liquid	65	880	31/10/2024
11/1/2024	day	liquid	66	970	1/11/2024
11/1/2024	night	liquid	67	1090	1/11/2024
11/1/2024	night	liquid	68	910	1/11/2024
11/2/2024	day	liquid	69	850	2/11/2024
11/2/2024	day	liquid	70	850	2/11/2024
11/2/2024	night	liquid	71	940	2/11/2024
11/2/2024	night	liquid	72	830	2/11/2024
11/3/2024	day	liquid	73	950	3/11/2024
11/3/2024	night	liquid	74	690	3/11/2024
11/3/2024	night	liquid	75	820	3/11/2024
11/4/2024	day	liquid	76	950	4/11/2024
11/4/2024	day	liquid	77	1100	4/11/2024
11/4/2024	night	liquid	78	910	4/11/2024
11/4/2024	night	liquid	79	890	4/11/2024
11/5/2024	day	liquid	80	1020	5/11/2024
11/5/2024	day	liquid	81	1020	5/11/2024
11/5/2024	day	liquid	82	1010	5/11/2024
11/5/2024	night	liquid	83	940	5/11/2024
11/5/2024	night	liquid	84	850	5/11/2024
11/6/2024	day	liquid	85	850	6/11/2024
11/6/2024	day	liquid	86	850	6/11/2024
11/6/2024	day	liquid	87	790	6/11/2024
11/6/2024	night	liquid	88	860	6/11/2024
11/6/2024	night	liquid	89	800	6/11/2024
11/7/2024	day	liquid	90	860	7/11/2024
11/7/2024	day	liquid	91	890	7/11/2024
11/7/2024	day	liquid	92	880	7/11/2024
11/7/2024	night	liquid	93	860	7/11/2024
11/7/2024	night	liquid	94	880	7/11/2024
11/9/2024	day	liquid	95	880	9/11/2024
11/9/2024	day	liquid	96	910	9/11/2024
11/9/2024	night	liquid	97	850	9/11/2024
11/10/2024	night	liquid	98	910	10/11/2024
11/10/2024	night	liquid	99	870	10/11/2024
11/11/2024	day	liquid	100	840	11/11/2024
11/11/2024	day	liquid	101	850	11/11/2024
11/11/2024	night	liquid	102	830	11/11/2024
11/11/2024	night	liquid	103	800	11/11/2024
11/12/2024	day	liquid	104	790	12/11/2024
11/12/2024	day	liquid	105	850	12/11/2024
11/12/2024	night	liquid	106	750	12/11/2024
11/12/2024	night	liquid	107	850	12/11/2024
11/12/2024	night	liquid	108	840	12/11/2024
11/13/2024	day	liquid	109	870	13/11/2024
11/13/2024	day	liquid	110	830	13/11/2024
11/13/2024	night	liquid	111	910	13/11/2024
11/13/2024	night	liquid	112	800	13/11/2024
11/14/2024	day	liquid	113	840	14/11/2024
11/14/2024	day	liquid	114	790	14/11/2024
11/14/2024	day	liquid	115	900	14/11/2024
11/14/2024	night	liquid	116	870	14/11/2024
11/15/2024	day	liquid	117	910	15/11/2024
11/15/2024	day	liquid	118	780	15/11/2024
11/15/2024	night	liquid	119	850	15/11/2024
11/15/2024	night	liquid	120	820	15/11/2024
11/15/2024	night	liquid	121	850	15/11/2024
11/16/2024	day	liquid	122	850	16/11/2024
11/16/2024	night	liquid	123	850	16/11/2024
11/16/2024	night	liquid	124	870	16/11/2024
11/17/2024	day	liquid	125	910	17/11/2024
11/17/2024	day	liquid	126	870	17/11/2024
11/17/2024	night	liquid	127	880	17/11/2024
11/17/2024	night	liquid	128	970	17/11/2024
11/18/2024	day	liquid	129	970	18/11/2024
11/18/2024	day	liquid	130	1020	18/11/2024
11/18/2024	day	liquid	131	920	18/11/2024
11/18/2024	night	liquid	132	870	18/11/2024
11/18/2024	night	liquid	133	860	18/11/2024
11/18/2024	night	liquid	134	840	18/11/2024
11/19/2024	day	liquid	135	930	19/11/2024
11/19/2024	day	liquid	136	870	19/11/2024
11/19/2024	night	liquid	137	850	19/11/2024
11/19/2024	night	liquid	138	860	19/11/2024
11/20/2024	day	liquid	139	860	20/11/2024
11/20/2024	day	liquid	140	870	20/11/2024
11/20/2024	night	liquid	141	850	20/11/2024
11/20/2024	night	liquid	142	830	20/11/2024
11/20/2024	night	liquid	143	870	20/11/2024
11/21/2024	day	liquid	144	820	21/11/2024
11/21/2024	day	liquid	145	800	21/11/2024
11/21/2024	day	liquid	146	820	21/11/2024
11/21/2024	night	liquid	147	900	21/11/2024
11/21/2024	night	liquid	148	890	21/11/2024
11/22/2024	day	liquid	149	840	22/11/2024
11/22/2024	day	liquid	150	890	22/11/2024
11/22/2024	night	liquid	151	910	22/11/2024
11/22/2024	night	liquid	152	830	22/11/2024
11/23/2024	day	liquid	153	850	23/11/2024
11/23/2024	day	liquid	154	850	23/11/2024
11/23/2024	night	liquid	155	850	23/11/2024
11/23/2024	night	liquid	156	980	23/11/2024
11/24/2024	day	liquid	157	870	24/11/2024
11/24/2024	day	liquid	158	930	24/11/2024
11/24/2024	night	liquid	159	850	24/11/2024
11/24/2024	night	liquid	160	850	24/11/2024
11/25/2024	day	liquid	161	850	25/11/2024
11/25/2024	day	liquid	162	1020	25/11/2024
11/25/2024	night	liquid	163	900	25/11/2024
11/25/2024	night	liquid	164	880	25/11/2024
11/26/2024	day	liquid	165	940	26/11/2024
11/26/2024	day	liquid	166	940	26/11/2024
11/26/2024	night	liquid	167	880	26/11/2024
11/26/2024	night	liquid	168	900	26/11/2024
11/27/2024	day	liquid	169	960	27/11/2024
11/27/2024	day	liquid	170	870	27/11/2024
11/27/2024	night	liquid	171	880	27/11/2024
11/27/2024	night	liquid	172	860	27/11/2024
11/28/2024	night	liquid	173	890	28/11/2024
11/29/2024	day	liquid	174	880	29/11/2024
11/29/2024	day	liquid	175	970	29/11/2024
11/29/2024	day	liquid	176	940	29/11/2024
11/29/2024	night	liquid	177	840	29/11/2024
11/29/2024	night	liquid	178	850	29/11/2024
11/30/2024	day	liquid	179	920	30/11/2024
11/30/2024	day	liquid	180	950	30/11/2024
11/30/2024	night	liquid	181	860	30/11/2024
11/30/2024	night	liquid	182	910	30/11/2024
11/30/2024	night	liquid	183	930	30/11/2024
12/1/2024	day	liquid	184	960	1/12/2024
12/1/2024	day	liquid	185	970	1/12/2024
12/1/2024	night	liquid	186	950	1/12/2024
12/1/2024	night	liquid	187	970	1/12/2024
12/2/2024	day	liquid	188	920	2/12/2024
12/2/2024	day	liquid	189	1070	2/12/2024
12/2/2024	day	liquid	190	1040	2/12/2024
12/2/2024	night	liquid	191	1020	2/12/2024
12/3/2024	day	liquid	192	980	3/12/2024
12/3/2024	day	liquid	193	990	3/12/2024
12/3/2024	night	liquid	194	1050	3/12/2024
12/4/2024	day	liquid	195	1030	4/12/2024
12/4/2024	day	liquid	196	1030	4/12/2024
12/4/2024	night	liquid	197	1020	4/12/2024
12/5/2024	day	liquid	198	1050	5/12/2024
12/5/2024	day	liquid	199	1090	5/12/2024
12/5/2024	night	liquid	200	1070	5/12/2024
12/6/2024	day	liquid	201	1040	6/12/2024
12/6/2024	day	liquid	202	940	6/12/2024
12/6/2024	night	liquid	203	910	6/12/2024
12/8/2024	day	liquid	204	900	8/12/2024
12/8/2024	day	liquid	205	980	8/12/2024
12/8/2024	night	liquid	206	1000	8/12/2024
12/8/2024	night	liquid	207	1040	8/12/2024
12/9/2024	day	liquid	208	1040	9/12/2024
12/9/2024	day	liquid	209	1090	9/12/2024
12/13/2024	day	liquid	210	740	13/12/2024
10/31/2024	day	solid	1	880	31/10/2024
11/4/2024	night	solid	2	900	4/11/2024
11/5/2024	night	solid	3	1020	5/11/2024
11/6/2024	day	solid	4	1020	6/11/2024
11/6/2024	night	solid	5	1060	6/11/2024
11/6/2024	night	solid	6	1020	6/11/2024
11/6/2024	night	solid	7	870	6/11/2024
11/6/2024	night	solid	8	850	6/11/2024
11/7/2024	day	solid	9	1050	7/11/2024
11/7/2024	day	solid	10	740	7/11/2024
11/7/2024	day	solid	11	790	7/11/2024
11/7/2024	day	solid	12	840	7/11/2024
11/7/2024	night	solid	13	900	7/11/2024
11/7/2024	night	solid	14	1060	7/11/2024
11/7/2024	night	solid	15	970	7/11/2024
11/7/2024	night	solid	16	910	7/11/2024
11/7/2024	night	solid	17	970	7/11/2024
11/8/2024	day	solid	18	1020	8/11/2024
11/8/2024	day	solid	19	820	8/11/2024
11/8/2024	day	solid	20	820	8/11/2024
11/8/2024	day	solid	21	910	8/11/2024
11/8/2024	night	solid	22	1040	8/11/2024
11/8/2024	night	solid	23	890	8/11/2024
11/8/2024	night	solid	24	790	8/11/2024
11/8/2024	night	solid	25	850	8/11/2024
11/8/2024	night	solid	26	850	8/11/2024
11/8/2024	night	solid	27	840	8/11/2024
11/9/2024	day	solid	28	940	9/11/2024
11/9/2024	day	solid	29	870	9/11/2024
11/9/2024	day	solid	30	980	9/11/2024
11/9/2024	day	solid	31	760	9/11/2024
11/9/2024	day	solid	32	930	9/11/2024
11/9/2024	day	solid	33	890	9/11/2024
11/9/2024	day	solid	34	980	9/11/2024
11/9/2024	day	solid	35	930	9/11/2024
11/9/2024	night	solid	36	870	9/11/2024
11/10/2024	day	solid	37	870	10/11/2024
11/10/2024	day	solid	38	910	10/11/2024
11/10/2024	day	solid	39	740	10/11/2024
11/10/2024	day	solid	40	830	10/11/2024
11/10/2024	day	solid	41	860	10/11/2024
11/10/2024	day	solid	42	920	10/11/2024
11/10/2024	night	solid	43	980	10/11/2024
11/10/2024	night	solid	44	880	10/11/2024
11/10/2024	night	solid	45	940	10/11/2024
11/10/2024	night	solid	46	840	10/11/2024
11/10/2024	night	solid	47	850	10/11/2024
11/10/2024	night	solid	48	870	10/11/2024
11/10/2024	night	solid	49	910	10/11/2024
11/10/2024	night	solid	50	880	10/11/2024
11/10/2024	night	solid	51	870	10/11/2024
11/11/2024	day	solid	52	910	11/11/2024
11/11/2024	day	solid	53	950	11/11/2024
11/11/2024	day	solid	54	900	11/11/2024
11/11/2024	day	solid	55	860	11/11/2024
11/11/2024	day	solid	56	1020	11/11/2024
11/11/2024	day	solid	57	900	11/11/2024
11/11/2024	night	solid	58	840	11/11/2024
11/11/2024	night	solid	59	750	11/11/2024
11/11/2024	night	solid	60	870	11/11/2024
11/11/2024	night	solid	61	880	11/11/2024
11/11/2024	night	solid	62	900	11/11/2024
11/11/2024	night	solid	63	1000	11/11/2024
11/11/2024	night	solid	64	780	11/11/2024
11/11/2024	night	solid	65	780	11/11/2024
11/11/2024	night	solid	66	820	11/11/2024
11/11/2024	night	solid	67	800	11/11/2024
11/11/2024	night	solid	68	910	11/11/2024
11/11/2024	night	solid	69	830	11/11/2024
11/12/2024	day	solid	70	850	12/11/2024
11/12/2024	day	solid	71	900	12/11/2024
11/12/2024	day	solid	72	840	12/11/2024
11/12/2024	day	solid	73	850	12/11/2024
11/12/2024	day	solid	74	800	12/11/2024
11/12/2024	day	solid	75	450	12/11/2024
11/12/2024	day	solid	76	1000	12/11/2024
11/12/2024	day	solid	77	970	12/11/2024
11/12/2024	day	solid	78	920	12/11/2024
11/12/2024	day	solid	79	870	12/11/2024
11/12/2024	day	solid	80	900	12/11/2024
11/12/2024	night	solid	81	900	12/11/2024
11/12/2024	night	solid	82	930	12/11/2024
11/12/2024	night	solid	83	770	12/11/2024
11/12/2024	night	solid	84	880	12/11/2024
11/12/2024	night	solid	85	800	12/11/2024
11/12/2024	night	solid	86	850	12/11/2024
11/12/2024	night	solid	87	800	12/11/2024
11/12/2024	night	solid	88	850	12/11/2024
11/12/2024	night	solid	89	960	12/11/2024
11/12/2024	night	solid	90	860	12/11/2024
11/13/2024	day	solid	91	980	13/11/2024
11/13/2024	day	solid	92	910	13/11/2024
11/13/2024	day	solid	93	910	13/11/2024
11/13/2024	day	solid	94	890	13/11/2024
11/13/2024	day	solid	95	860	13/11/2024
11/13/2024	day	solid	96	880	13/11/2024
11/13/2024	day	solid	97	900	13/11/2024
11/13/2024	day	solid	98	940	13/11/2024
11/13/2024	day	solid	99	890	13/11/2024
11/13/2024	day	solid	100	950	13/11/2024
11/13/2024	day	solid	101	880	13/11/2024
11/13/2024	night	solid	102	990	13/11/2024
11/13/2024	night	solid	103	850	13/11/2024
11/13/2024	night	solid	104	890	13/11/2024
11/13/2024	night	solid	105	810	13/11/2024
11/13/2024	night	solid	106	910	13/11/2024
11/13/2024	night	solid	107	850	13/11/2024
11/13/2024	night	solid	108	850	13/11/2024
11/13/2024	night	solid	109	900	13/11/2024
11/13/2024	night	solid	110	890	13/11/2024
11/13/2024	night	solid	111	900	13/11/2024
11/13/2024	night	solid	112	840	13/11/2024
11/13/2024	night	solid	113	840	13/11/2024
11/14/2024	day	solid	114	920	14/11/2024
11/14/2024	day	solid	115	870	14/11/2024
11/14/2024	day	solid	116	930	14/11/2024
11/14/2024	day	solid	117	960	14/11/2024
11/14/2024	day	solid	118	820	14/11/2024
11/14/2024	day	solid	119	920	14/11/2024
11/14/2024	day	solid	120	880	14/11/2024
11/14/2024	day	solid	121	990	14/11/2024
11/14/2024	day	solid	122	950	14/11/2024
11/14/2024	day	solid	123	900	14/11/2024
11/14/2024	day	solid	124	960	14/11/2024
11/14/2024	night	solid	125	970	14/11/2024
11/14/2024	night	solid	126	840	14/11/2024
11/14/2024	night	solid	127	940	14/11/2024
11/14/2024	night	solid	128	940	14/11/2024
11/14/2024	night	solid	129	910	14/11/2024
11/14/2024	night	solid	130	820	14/11/2024
11/14/2024	night	solid	131	820	14/11/2024
11/14/2024	night	solid	132	880	14/11/2024
11/14/2024	night	solid	133	920	14/11/2024
11/14/2024	night	solid	134	880	14/11/2024
11/14/2024	night	solid	135	950	14/11/2024
11/14/2024	night	solid	136	990	14/11/2024
11/15/2024	day	solid	137	980	15/11/2024
11/15/2024	day	solid	138	870	15/11/2024
11/15/2024	day	solid	139	900	15/11/2024
11/15/2024	day	solid	140	870	15/11/2024
11/15/2024	day	solid	141	980	15/11/2024
11/15/2024	day	solid	142	1020	15/11/2024
11/15/2024	day	solid	143	1040	15/11/2024
11/15/2024	day	solid	144	970	15/11/2024
11/15/2024	day	solid	145	850	15/11/2024
11/15/2024	day	solid	146	930	15/11/2024
11/15/2024	night	solid	147	950	15/11/2024
11/15/2024	night	solid	148	810	15/11/2024
11/15/2024	night	solid	149	920	15/11/2024
11/15/2024	night	solid	150	900	15/11/2024
11/15/2024	night	solid	151	920	15/11/2024
11/15/2024	night	solid	152	960	15/11/2024
11/15/2024	night	solid	153	930	15/11/2024
11/15/2024	night	solid	154	930	15/11/2024
11/15/2024	night	solid	155	860	15/11/2024
11/15/2024	night	solid	156	950	15/11/2024
11/15/2024	night	solid	157	920	15/11/2024
11/16/2024	day	solid	158	920	16/11/2024
11/16/2024	day	solid	159	970	16/11/2024
11/16/2024	day	solid	160	860	16/11/2024
11/16/2024	day	solid	161	930	16/11/2024
11/16/2024	day	solid	162	960	16/11/2024
11/16/2024	day	solid	163	880	16/11/2024
11/16/2024	day	solid	164	910	16/11/2024
11/16/2024	day	solid	165	860	16/11/2024
11/16/2024	day	solid	166	990	16/11/2024
11/16/2024	day	solid	167	930	16/11/2024
11/16/2024	day	solid	168	1000	16/11/2024
11/16/2024	night	solid	169	930	16/11/2024
11/16/2024	night	solid	170	850	16/11/2024
11/16/2024	night	solid	171	940	16/11/2024
11/16/2024	night	solid	172	970	16/11/2024
11/16/2024	night	solid	173	1000	16/11/2024
11/16/2024	night	solid	174	920	16/11/2024
11/16/2024	night	solid	175	940	16/11/2024
11/16/2024	night	solid	176	910	16/11/2024
11/16/2024	night	solid	177	890	16/11/2024
11/16/2024	night	solid	178	1020	16/11/2024
11/16/2024	night	solid	179	910	16/11/2024
11/16/2024	night	solid	180	970	16/11/2024
11/17/2024	day	solid	181	930	17/11/2024
11/17/2024	day	solid	182	910	17/11/2024
11/17/2024	day	solid	183	930	17/11/2024
11/17/2024	day	solid	184	950	17/11/2024
11/17/2024	day	solid	185	960	17/11/2024
11/17/2024	day	solid	186	920	17/11/2024
11/17/2024	day	solid	187	860	17/11/2024
11/17/2024	day	solid	188	930	17/11/2024
11/17/2024	day	solid	189	920	17/11/2024
11/17/2024	day	solid	190	930	17/11/2024
11/17/2024	day	solid	191	930	17/11/2024
11/17/2024	day	solid	192	930	17/11/2024
11/17/2024	day	solid	193	910	17/11/2024
11/17/2024	night	solid	194	1040	17/11/2024
11/17/2024	night	solid	195	1090	17/11/2024
11/17/2024	night	solid	196	1010	17/11/2024
11/17/2024	night	solid	197	1070	17/11/2024
11/17/2024	night	solid	198	1120	17/11/2024
11/17/2024	night	solid	199	1050	17/11/2024
11/17/2024	night	solid	200	1100	17/11/2024
11/17/2024	night	solid	201	1060	17/11/2024
11/17/2024	night	solid	202	1050	17/11/2024
11/17/2024	night	solid	203	1020	17/11/2024
11/17/2024	night	solid	204	1050	17/11/2024
11/17/2024	night	solid	205	1010	17/11/2024
11/18/2024	day	solid	206	1040	18/11/2024
11/18/2024	day	solid	207	1020	18/11/2024
11/18/2024	day	solid	208	1090	18/11/2024
11/18/2024	day	solid	209	1080	18/11/2024
11/18/2024	day	solid	210	990	18/11/2024
11/18/2024	day	solid	211	1160	18/11/2024
11/18/2024	day	solid	212	1070	18/11/2024
11/18/2024	day	solid	213	1020	18/11/2024
11/18/2024	day	solid	214	1040	18/11/2024
11/18/2024	day	solid	215	960	18/11/2024
11/18/2024	day	solid	216	960	18/11/2024
11/18/2024	day	solid	217	910	18/11/2024
11/18/2024	day	solid	218	970	18/11/2024
11/18/2024	night	solid	219	960	18/11/2024
11/18/2024	night	solid	220	930	18/11/2024
11/18/2024	night	solid	221	930	18/11/2024
11/18/2024	night	solid	222	970	18/11/2024
11/18/2024	night	solid	223	970	18/11/2024
11/18/2024	night	solid	224	960	18/11/2024
11/18/2024	night	solid	225	930	18/11/2024
11/18/2024	night	solid	226	950	18/11/2024
11/18/2024	night	solid	227	1020	18/11/2024
11/18/2024	night	solid	228	910	18/11/2024
11/18/2024	night	solid	229	970	18/11/2024
11/18/2024	night	solid	230	940	18/11/2024
11/18/2024	night	solid	231	940	18/11/2024
11/19/2024	day	solid	232	890	19/11/2024
11/19/2024	day	solid	233	950	19/11/2024
11/19/2024	day	solid	234	910	19/11/2024
11/19/2024	day	solid	235	970	19/11/2024
11/19/2024	day	solid	236	970	19/11/2024
11/19/2024	day	solid	237	970	19/11/2024
11/19/2024	day	solid	238	980	19/11/2024
11/19/2024	day	solid	239	990	19/11/2024
11/19/2024	day	solid	240	950	19/11/2024
11/19/2024	day	solid	241	940	19/11/2024
11/19/2024	day	solid	242	910	19/11/2024
11/19/2024	day	solid	243	890	19/11/2024
11/19/2024	night	solid	244	970	19/11/2024
11/19/2024	night	solid	245	930	19/11/2024
11/19/2024	night	solid	246	940	19/11/2024
11/19/2024	night	solid	247	980	19/11/2024
11/19/2024	night	solid	248	900	19/11/2024
11/19/2024	night	solid	249	940	19/11/2024
11/19/2024	night	solid	250	920	19/11/2024
11/19/2024	night	solid	251	940	19/11/2024
11/19/2024	night	solid	252	850	19/11/2024
11/19/2024	night	solid	253	910	19/11/2024
11/19/2024	night	solid	254	1020	19/11/2024
11/19/2024	night	solid	255	970	19/11/2024
11/19/2024	night	solid	256	910	19/11/2024
11/19/2024	night	solid	257	890	19/11/2024
11/20/2024	day	solid	258	850	20/11/2024
11/20/2024	day	solid	259	880	20/11/2024
11/20/2024	day	solid	260	900	20/11/2024
11/20/2024	day	solid	261	1020	20/11/2024
11/20/2024	day	solid	262	910	20/11/2024
11/20/2024	day	solid	263	970	20/11/2024
11/20/2024	day	solid	264	950	20/11/2024
11/20/2024	day	solid	265	1010	20/11/2024
11/20/2024	day	solid	266	910	20/11/2024
11/20/2024	day	solid	267	760	20/11/2024
11/20/2024	day	solid	268	920	20/11/2024
11/20/2024	day	solid	269	970	20/11/2024
11/20/2024	day	solid	270	830	20/11/2024
11/20/2024	day	solid	271	1040	20/11/2024
11/20/2024	night	solid	272	970	20/11/2024
11/20/2024	night	solid	273	910	20/11/2024
11/20/2024	night	solid	274	930	20/11/2024
11/20/2024	night	solid	275	900	20/11/2024
11/20/2024	night	solid	276	870	20/11/2024
11/20/2024	night	solid	277	910	20/11/2024
11/20/2024	night	solid	278	930	20/11/2024
11/20/2024	night	solid	279	940	20/11/2024
11/20/2024	night	solid	280	1010	20/11/2024
11/20/2024	night	solid	281	910	20/11/2024
11/20/2024	night	solid	282	910	20/11/2024
11/20/2024	night	solid	283	920	20/11/2024
11/20/2024	night	solid	284	930	20/11/2024
11/21/2024	day	solid	285	960	21/11/2024
11/21/2024	day	solid	286	910	21/11/2024
11/21/2024	day	solid	287	980	21/11/2024
11/21/2024	day	solid	288	960	21/11/2024
11/21/2024	day	solid	289	880	21/11/2024
11/21/2024	day	solid	290	890	21/11/2024
11/21/2024	day	solid	291	910	21/11/2024
11/21/2024	day	solid	292	940	21/11/2024
11/21/2024	day	solid	293	880	21/11/2024
11/21/2024	day	solid	294	950	21/11/2024
11/21/2024	day	solid	295	920	21/11/2024
11/21/2024	day	solid	296	910	21/11/2024
11/21/2024	day	solid	297	1000	21/11/2024
11/21/2024	night	solid	298	1010	21/11/2024
11/21/2024	night	solid	299	940	21/11/2024
11/21/2024	night	solid	300	910	21/11/2024
11/21/2024	night	solid	301	970	21/11/2024
11/21/2024	night	solid	302	920	21/11/2024
11/21/2024	night	solid	303	950	21/11/2024
11/21/2024	night	solid	304	960	21/11/2024
11/21/2024	night	solid	305	1000	21/11/2024
11/21/2024	night	solid	306	950	21/11/2024
11/21/2024	night	solid	307	1010	21/11/2024
11/21/2024	night	solid	308	960	21/11/2024
11/21/2024	night	solid	309	970	21/11/2024
11/21/2024	night	solid	310	960	21/11/2024
11/21/2024	night	solid	311	970	21/11/2024
11/21/2024	night	solid	312	950	21/11/2024
11/22/2024	day	solid	313	1000	22/11/2024
11/22/2024	day	solid	314	970	22/11/2024
11/22/2024	day	solid	315	940	22/11/2024
11/22/2024	day	solid	316	1010	22/11/2024
11/22/2024	day	solid	317	1000	22/11/2024
11/22/2024	day	solid	318	930	22/11/2024
11/22/2024	day	solid	319	940	22/11/2024
11/22/2024	day	solid	320	860	22/11/2024
11/22/2024	day	solid	321	900	22/11/2024
11/22/2024	day	solid	322	970	22/11/2024
11/22/2024	day	solid	323	970	22/11/2024
11/22/2024	day	solid	324	940	22/11/2024
11/22/2024	night	solid	325	970	22/11/2024
11/22/2024	night	solid	326	1050	22/11/2024
11/22/2024	night	solid	327	970	22/11/2024
11/22/2024	night	solid	328	940	22/11/2024
11/22/2024	night	solid	329	980	22/11/2024
11/22/2024	night	solid	330	1060	22/11/2024
11/22/2024	night	solid	331	920	22/11/2024
11/22/2024	night	solid	332	1000	22/11/2024
11/22/2024	night	solid	333	940	22/11/2024
11/22/2024	night	solid	334	970	22/11/2024
11/22/2024	night	solid	335	940	22/11/2024
11/22/2024	night	solid	336	910	22/11/2024
11/22/2024	night	solid	337	880	22/11/2024
11/22/2024	night	solid	338	940	22/11/2024
11/22/2024	night	solid	339	960	22/11/2024
11/23/2024	day	solid	340	910	23/11/2024
11/23/2024	day	solid	341	860	23/11/2024
11/23/2024	day	solid	342	920	23/11/2024
11/23/2024	day	solid	343	1000	23/11/2024
11/23/2024	day	solid	344	980	23/11/2024
11/23/2024	day	solid	345	990	23/11/2024
11/23/2024	day	solid	346	1000	23/11/2024
11/23/2024	day	solid	347	990	23/11/2024
11/23/2024	day	solid	348	920	23/11/2024
11/23/2024	day	solid	349	980	23/11/2024
11/23/2024	day	solid	350	1000	23/11/2024
11/23/2024	day	solid	351	860	23/11/2024
11/23/2024	night	solid	352	1080	23/11/2024
11/23/2024	night	solid	353	1090	23/11/2024
11/23/2024	night	solid	354	1000	23/11/2024
11/23/2024	night	solid	355	850	23/11/2024
11/23/2024	night	solid	356	880	23/11/2024
11/23/2024	night	solid	357	940	23/11/2024
11/23/2024	night	solid	358	970	23/11/2024
11/23/2024	night	solid	359	960	23/11/2024
11/23/2024	night	solid	360	930	23/11/2024
11/23/2024	night	solid	361	960	23/11/2024
11/23/2024	night	solid	362	950	23/11/2024
11/23/2024	night	solid	363	950	23/11/2024
11/23/2024	night	solid	364	1020	23/11/2024
11/23/2024	night	solid	365	950	23/11/2024
11/23/2024	night	solid	366	1010	23/11/2024
11/24/2024	day	solid	367	1030	24/11/2024
11/24/2024	day	solid	368	1020	24/11/2024
11/24/2024	day	solid	369	880	24/11/2024
11/24/2024	day	solid	370	940	24/11/2024
11/24/2024	day	solid	371	1000	24/11/2024
11/24/2024	day	solid	372	940	24/11/2024
11/24/2024	day	solid	373	990	24/11/2024
11/24/2024	day	solid	374	890	24/11/2024
11/24/2024	day	solid	375	860	24/11/2024
11/24/2024	day	solid	376	940	24/11/2024
11/24/2024	day	solid	377	980	24/11/2024
11/24/2024	day	solid	378	870	24/11/2024
11/24/2024	day	solid	379	930	24/11/2024
11/24/2024	night	solid	380	980	24/11/2024
11/24/2024	night	solid	381	1020	24/11/2024
11/24/2024	night	solid	382	990	24/11/2024
11/24/2024	night	solid	383	1020	24/11/2024
11/24/2024	night	solid	384	990	24/11/2024
11/24/2024	night	solid	385	970	24/11/2024
11/24/2024	night	solid	386	960	24/11/2024
11/24/2024	night	solid	387	950	24/11/2024
11/24/2024	night	solid	388	1010	24/11/2024
11/24/2024	night	solid	389	960	24/11/2024
11/24/2024	night	solid	390	960	24/11/2024
11/24/2024	night	solid	391	960	24/11/2024
11/24/2024	night	solid	392	970	24/11/2024
11/24/2024	night	solid	393	1010	24/11/2024
11/24/2024	night	solid	394	1020	24/11/2024
11/25/2024	day	solid	395	1000	25/11/2024
11/25/2024	day	solid	396	880	25/11/2024
11/25/2024	day	solid	397	850	25/11/2024
11/25/2024	day	solid	398	870	25/11/2024
11/25/2024	day	solid	399	850	25/11/2024
11/25/2024	day	solid	400	1000	25/11/2024
11/25/2024	day	solid	401	850	25/11/2024
11/25/2024	day	solid	402	880	25/11/2024
11/25/2024	day	solid	403	860	25/11/2024
11/25/2024	day	solid	404	890	25/11/2024
11/25/2024	day	solid	405	880	25/11/2024
11/25/2024	day	solid	406	950	25/11/2024
11/25/2024	day	solid	407	1020	25/11/2024
11/25/2024	day	solid	408	1030	25/11/2024
11/25/2024	day	solid	409	1030	25/11/2024
11/25/2024	night	solid	410	1060	25/11/2024
11/25/2024	night	solid	411	1080	25/11/2024
11/25/2024	night	solid	412	1080	25/11/2024
11/25/2024	night	solid	413	1020	25/11/2024
11/25/2024	night	solid	414	980	25/11/2024
11/25/2024	night	solid	415	1060	25/11/2024
11/25/2024	night	solid	416	980	25/11/2024
11/25/2024	night	solid	417	1060	25/11/2024
11/25/2024	night	solid	418	990	25/11/2024
11/25/2024	night	solid	419	990	25/11/2024
11/25/2024	night	solid	420	980	25/11/2024
11/25/2024	night	solid	421	980	25/11/2024
11/25/2024	night	solid	422	980	25/11/2024
11/25/2024	night	solid	423	980	25/11/2024
11/25/2024	night	solid	424	980	25/11/2024
11/25/2024	night	solid	425	1020	25/11/2024
11/26/2024	day	solid	426	950	26/11/2024
11/26/2024	day	solid	427	940	26/11/2024
11/26/2024	day	solid	428	940	26/11/2024
11/26/2024	day	solid	429	950	26/11/2024
11/26/2024	day	solid	430	950	26/11/2024
11/26/2024	day	solid	431	980	26/11/2024
11/26/2024	day	solid	432	920	26/11/2024
11/26/2024	day	solid	433	870	26/11/2024
11/26/2024	day	solid	434	950	26/11/2024
11/26/2024	day	solid	435	960	26/11/2024
11/26/2024	day	solid	436	980	26/11/2024
11/26/2024	day	solid	437	900	26/11/2024
11/26/2024	day	solid	438	980	26/11/2024
11/26/2024	day	solid	439	940	26/11/2024
11/26/2024	night	solid	440	950	26/11/2024
11/26/2024	night	solid	441	980	26/11/2024
11/26/2024	night	solid	442	1000	26/11/2024
11/26/2024	night	solid	443	960	26/11/2024
11/26/2024	night	solid	444	980	26/11/2024
11/26/2024	night	solid	445	950	26/11/2024
11/26/2024	night	solid	446	1020	26/11/2024
11/26/2024	night	solid	447	980	26/11/2024
11/26/2024	night	solid	448	1000	26/11/2024
11/26/2024	night	solid	449	980	26/11/2024
11/26/2024	night	solid	450	1000	26/11/2024
11/26/2024	night	solid	451	1020	26/11/2024
11/26/2024	night	solid	452	1020	26/11/2024
11/26/2024	night	solid	453	1000	26/11/2024
11/27/2024	day	solid	454	990	27/11/2024
11/27/2024	day	solid	455	930	27/11/2024
11/27/2024	day	solid	456	950	27/11/2024
11/27/2024	day	solid	457	940	27/11/2024
11/27/2024	day	solid	458	980	27/11/2024
11/27/2024	day	solid	459	970	27/11/2024
11/27/2024	day	solid	460	980	27/11/2024
11/27/2024	day	solid	461	900	27/11/2024
11/27/2024	day	solid	462	820	27/11/2024
11/27/2024	day	solid	463	940	27/11/2024
11/27/2024	day	solid	464	950	27/11/2024
11/27/2024	day	solid	465	930	27/11/2024
11/27/2024	day	solid	466	980	27/11/2024
11/27/2024	day	solid	467	850	27/11/2024
11/27/2024	night	solid	468	980	27/11/2024
11/27/2024	night	solid	469	970	27/11/2024
11/27/2024	night	solid	470	980	27/11/2024
11/27/2024	night	solid	471	1010	27/11/2024
11/27/2024	night	solid	472	990	27/11/2024
11/27/2024	night	solid	473	940	27/11/2024
11/27/2024	night	solid	474	960	27/11/2024
11/27/2024	night	solid	475	980	27/11/2024
11/27/2024	night	solid	476	1000	27/11/2024
11/27/2024	night	solid	477	950	27/11/2024
11/27/2024	night	solid	478	960	27/11/2024
11/27/2024	night	solid	479	980	27/11/2024
11/27/2024	night	solid	480	920	27/11/2024
11/28/2024	day	solid	481	980	28/11/2024
11/28/2024	day	solid	482	900	28/11/2024
11/28/2024	day	solid	483	910	28/11/2024
11/28/2024	day	solid	484	950	28/11/2024
11/28/2024	day	solid	485	1010	28/11/2024
11/28/2024	day	solid	486	910	28/11/2024
11/28/2024	day	solid	487	970	28/11/2024
11/28/2024	day	solid	488	940	28/11/2024
11/28/2024	day	solid	489	930	28/11/2024
11/28/2024	day	solid	490	1000	28/11/2024
11/28/2024	day	solid	491	1020	28/11/2024
11/28/2024	night	solid	492	970	28/11/2024
11/28/2024	night	solid	493	930	28/11/2024
11/28/2024	night	solid	494	940	28/11/2024
11/28/2024	night	solid	495	970	28/11/2024
11/28/2024	night	solid	496	970	28/11/2024
11/28/2024	night	solid	497	950	28/11/2024
11/28/2024	night	solid	498	980	28/11/2024
11/28/2024	night	solid	499	940	28/11/2024
11/28/2024	night	solid	500	970	28/11/2024
11/29/2024	day	solid	501	970	29/11/2024
11/29/2024	day	solid	502	1070	29/11/2024
11/29/2024	day	solid	503	960	29/11/2024
11/29/2024	day	solid	504	1070	29/11/2024
11/29/2024	day	solid	505	900	29/11/2024
11/29/2024	day	solid	506	930	29/11/2024
11/29/2024	day	solid	507	950	29/11/2024
11/29/2024	day	solid	508	970	29/11/2024
11/29/2024	day	solid	509	880	29/11/2024
11/29/2024	night	solid	510	920	29/11/2024
11/29/2024	night	solid	511	1000	29/11/2024
11/29/2024	night	solid	512	910	29/11/2024
11/29/2024	night	solid	513	910	29/11/2024
11/29/2024	night	solid	514	940	29/11/2024
11/29/2024	night	solid	515	940	29/11/2024
11/29/2024	night	solid	516	890	29/11/2024
11/29/2024	night	solid	517	910	29/11/2024
11/29/2024	night	solid	518	860	29/11/2024
11/30/2024	day	solid	519	920	30/11/2024
11/30/2024	day	solid	520	970	30/11/2024
11/30/2024	day	solid	521	980	30/11/2024
11/30/2024	day	solid	522	980	30/11/2024
11/30/2024	day	solid	523	970	30/11/2024
11/30/2024	day	solid	524	1010	30/11/2024
11/30/2024	day	solid	525	840	30/11/2024
11/30/2024	day	solid	526	950	30/11/2024
11/30/2024	day	solid	527	970	30/11/2024
11/30/2024	day	solid	528	940	30/11/2024
11/30/2024	day	solid	529	1000	30/11/2024
11/30/2024	night	solid	530	910	30/11/2024
11/30/2024	night	solid	531	910	30/11/2024
11/30/2024	night	solid	532	850	30/11/2024
11/30/2024	night	solid	533	860	30/11/2024
11/30/2024	night	solid	534	880	30/11/2024
11/30/2024	night	solid	535	870	30/11/2024
11/30/2024	night	solid	536	850	30/11/2024
11/30/2024	night	solid	537	910	30/11/2024
11/30/2024	night	solid	538	900	30/11/2024
12/1/2024	day	solid	539	840	1/12/2024
12/1/2024	day	solid	540	910	1/12/2024
12/1/2024	day	solid	541	970	1/12/2024
12/1/2024	day	solid	542	960	1/12/2024
12/1/2024	day	solid	543	880	1/12/2024
12/1/2024	day	solid	544	890	1/12/2024
12/1/2024	day	solid	545	880	1/12/2024
12/1/2024	day	solid	546	960	1/12/2024
12/1/2024	day	solid	547	850	1/12/2024
12/1/2024	day	solid	548	930	1/12/2024
12/1/2024	day	solid	549	930	1/12/2024
12/1/2024	night	solid	550	970	1/12/2024
12/1/2024	night	solid	551	910	1/12/2024
12/1/2024	night	solid	552	810	1/12/2024
12/1/2024	night	solid	553	1010	1/12/2024
12/1/2024	night	solid	554	980	1/12/2024
12/1/2024	night	solid	555	970	1/12/2024
12/1/2024	night	solid	556	940	1/12/2024
12/1/2024	night	solid	557	1070	1/12/2024
12/1/2024	night	solid	558	990	1/12/2024
12/1/2024	night	solid	559	980	1/12/2024
12/1/2024	night	solid	560	940	1/12/2024
12/2/2024	day	solid	561	940	2/12/2024
12/2/2024	day	solid	562	960	2/12/2024
12/2/2024	day	solid	563	960	2/12/2024
12/2/2024	day	solid	564	1010	2/12/2024
12/2/2024	day	solid	565	910	2/12/2024
12/2/2024	day	solid	566	1060	2/12/2024
12/2/2024	day	solid	567	860	2/12/2024
12/2/2024	day	solid	568	1010	2/12/2024
12/2/2024	day	solid	569	960	2/12/2024
12/2/2024	day	solid	570	1020	2/12/2024
12/2/2024	day	solid	571	810	2/12/2024
12/2/2024	night	solid	572	1040	2/12/2024
12/2/2024	night	solid	573	1010	2/12/2024
12/2/2024	night	solid	574	970	2/12/2024
12/2/2024	night	solid	575	1020	2/12/2024
12/2/2024	night	solid	576	1020	2/12/2024
12/2/2024	night	solid	577	1020	2/12/2024
12/2/2024	night	solid	578	1080	2/12/2024
12/2/2024	night	solid	579	1060	2/12/2024
12/2/2024	night	solid	580	1060	2/12/2024
12/3/2024	day	solid	581	1060	3/12/2024
12/3/2024	day	solid	582	1060	3/12/2024
12/3/2024	day	solid	583	980	3/12/2024
12/3/2024	day	solid	584	1060	3/12/2024
12/3/2024	day	solid	585	1030	3/12/2024
12/3/2024	day	solid	586	1050	3/12/2024
12/3/2024	day	solid	587	1040	3/12/2024
12/3/2024	day	solid	588	1020	3/12/2024
12/3/2024	day	solid	589	1010	3/12/2024
12/3/2024	night	solid	590	1050	3/12/2024
12/3/2024	night	solid	591	1030	3/12/2024
12/3/2024	night	solid	592	900	3/12/2024
12/3/2024	night	solid	593	1030	3/12/2024
12/3/2024	night	solid	594	1070	3/12/2024
12/3/2024	night	solid	595	1080	3/12/2024
12/3/2024	night	solid	596	1060	3/12/2024
12/3/2024	night	solid	597	1060	3/12/2024
12/4/2024	day	solid	598	1020	4/12/2024
12/4/2024	day	solid	599	1020	4/12/2024
12/4/2024	day	solid	600	1030	4/12/2024
12/4/2024	day	solid	601	1000	4/12/2024
12/4/2024	day	solid	602	1030	4/12/2024
12/4/2024	day	solid	603	1040	4/12/2024
12/4/2024	day	solid	604	1060	4/12/2024
12/4/2024	night	solid	605	1100	4/12/2024
12/4/2024	night	solid	606	1100	4/12/2024
12/4/2024	night	solid	607	1070	4/12/2024
12/4/2024	night	solid	608	1100	4/12/2024
12/4/2024	night	solid	609	1040	4/12/2024
12/4/2024	night	solid	610	1100	4/12/2024
12/4/2024	night	solid	611	1100	4/12/2024
12/5/2024	day	solid	612	1020	5/12/2024
12/5/2024	day	solid	613	1070	5/12/2024
12/5/2024	day	solid	614	1060	5/12/2024
12/5/2024	day	solid	615	1020	5/12/2024
12/5/2024	day	solid	616	1030	5/12/2024
12/5/2024	night	solid	617	1120	5/12/2024
12/5/2024	night	solid	618	980	5/12/2024
12/5/2024	night	solid	619	1060	5/12/2024
12/5/2024	night	solid	620	1080	5/12/2024
12/5/2024	night	solid	621	1100	5/12/2024
12/5/2024	night	solid	622	1170	5/12/2024
12/5/2024	night	solid	623	1060	5/12/2024
12/5/2024	night	solid	624	1100	5/12/2024
12/5/2024	night	solid	625	1120	5/12/2024
12/6/2024	day	solid	626	1110	6/12/2024
12/6/2024	day	solid	627	1030	6/12/2024
12/6/2024	day	solid	628	1000	6/12/2024
12/6/2024	day	solid	629	1020	6/12/2024
12/6/2024	day	solid	630	1010	6/12/2024
12/6/2024	day	solid	631	1000	6/12/2024
12/6/2024	day	solid	632	1000	6/12/2024
12/6/2024	day	solid	633	930	6/12/2024
12/6/2024	day	solid	634	900	6/12/2024
12/6/2024	day	solid	635	970	6/12/2024
12/6/2024	day	solid	636	970	6/12/2024
12/6/2024	day	solid	637	930	6/12/2024
12/6/2024	day	solid	638	900	6/12/2024
12/6/2024	day	solid	639	1010	6/12/2024
12/6/2024	night	solid	640	1050	6/12/2024
12/6/2024	night	solid	641	910	6/12/2024
12/6/2024	night	solid	642	940	6/12/2024
12/6/2024	night	solid	643	960	6/12/2024
12/6/2024	night	solid	644	920	6/12/2024
12/6/2024	night	solid	645	1000	6/12/2024
12/6/2024	night	solid	646	990	6/12/2024
12/6/2024	night	solid	647	990	6/12/2024
12/7/2024	day	solid	648	1020	7/12/2024
12/7/2024	night	solid	649	1050	7/12/2024
12/7/2024	night	solid	650	1060	7/12/2024
12/7/2024	night	solid	651	1000	7/12/2024
12/7/2024	night	solid	652	1020	7/12/2024
12/7/2024	night	solid	653	1020	7/12/2024
12/7/2024	night	solid	654	1020	7/12/2024
12/7/2024	night	solid	655	1040	7/12/2024
12/7/2024	night	solid	656	1010	7/12/2024
12/7/2024	night	solid	657	1030	7/12/2024
12/7/2024	night	solid	658	980	7/12/2024
12/7/2024	night	solid	659	1000	7/12/2024
12/7/2024	night	solid	660	1070	7/12/2024
12/7/2024	night	solid	661	990	7/12/2024
12/8/2024	day	solid	662	980	8/12/2024
12/8/2024	day	solid	663	990	8/12/2024
12/8/2024	day	solid	664	950	8/12/2024
12/8/2024	day	solid	665	940	8/12/2024
12/8/2024	day	solid	666	920	8/12/2024
12/8/2024	day	solid	667	950	8/12/2024
12/8/2024	day	solid	668	1020	8/12/2024
12/8/2024	day	solid	669	1110	8/12/2024
12/8/2024	day	solid	670	1060	8/12/2024
12/8/2024	day	solid	671	1020	8/12/2024
12/8/2024	day	solid	672	1030	8/12/2024
12/8/2024	night	solid	673	1020	8/12/2024
12/8/2024	night	solid	674	980	8/12/2024
12/8/2024	night	solid	675	1060	8/12/2024
12/8/2024	night	solid	676	1000	8/12/2024
12/8/2024	night	solid	677	1060	8/12/2024
12/9/2024	day	solid	678	960	9/12/2024
12/10/2024	day	waste_water	1	36	10/12/2024
12/10/2024	day	waste_water	2	1190	10/12/2024
12/10/2024	day	waste_water	3	1200	10/12/2024
12/10/2024	day	waste_water	4	1100	10/12/2024
12/10/2024	day	waste_water	5	1190	10/12/2024
12/10/2024	day	waste_water	6	1150	10/12/2024
12/10/2024	day	waste_water	7	1150	10/12/2024
12/10/2024	day	waste_water	8	1230	10/12/2024
12/10/2024	day	waste_water	9	1230	10/12/2024
12/10/2024	day	waste_water	10	1230	10/12/2024
12/10/2024	day	waste_water	11	1230	10/12/2024
12/10/2024	day	waste_water	12	950	10/12/2024
12/10/2024	day	waste_water	13	1130	10/12/2024
12/11/2024	day	waste_water	14	960	11/12/2024
12/11/2024	day	waste_water	15	910	11/12/2024
12/11/2024	day	waste_water	16	910	11/12/2024
12/11/2024	day	waste_water	17	920	11/12/2024
12/11/2024	day	waste_water	18	940	11/12/2024
12/11/2024	day	waste_water	19	930	11/12/2024
12/11/2024	day	waste_water	20	50	11/12/2024
